City,2003,2004,2005,2006,2007,2008,2009,2010,2011,2012,2013,2014,2015,2016,2017

Crime rates in Absecon by year,205.1,295.7,326.1,312.1,268.0,317.9,199.3,217.7,185.8,202.4,231.6,264.8,183.2,153.2,193.6

Crime rates in Allendale by year,62.6,30.2,37.9,66.9,45.8,77.2,90.5,58.9,45.8,54.7,25.9,40.8,49.8,29.6,34.7

Crime rates in Allenhurst by year,390.3,212.4,266.8,175.4,212.0,249.3,235.3,213.2,126.5,140.3,446.2,119.9,110.9,136.7,211.9

Crime rates in Allentown by year,63.2,40.1,35.7,69.4,83.2,72.0,85.3,42.2,74.7,46.2,92.7,60.7,15.5,35.6,20.5

Crime rates in Alpha by year,56.8,63.9,148.5,160.0,202.0,143.2,98.9,36.1,68.6,47.2,83.4,42.3,26.1,40.6,69.1

Crime rates in Alpine by year,18.6,31.5,44.3,19.4,36.4,25.1,23.5,25.1,44.7,41.7,33.7,7.9,37.9,24.0,40.3

Crime rates in Andover by year,71.6,46.6,57.7,47.6,88.3,52.4,51.6,34.6,25.7,29.3,29.0,30.2,39.1,47.2,23.3

Crime rates in Asbury Park by year,944.9,927.7,878.0,985.6,877.9,805.8,897.9,956.9,884.8,724.6,775.5,623.0,640.6,613.1,626.9

Crime rates in Atlantic City by year,502.0,1011.8,1064.6,1093.2,969.4,822.5,914.4,942.1,912.2,864.2,755.1,666.6,750.8,593.1

Crime rates in Atlantic Highlands by year,104.4,70.8,96.7,77.1,92.1,108.5,133.4,100.2,116.1,115.9,84.1,98.0,75.4,50.7,42.7

Crime rates in Audubon Park by year,127.8,192.6,83.7,170.2,70.4,124.9,196.6,336.8,192.0,91.5,140.2,92.3,71.7,74.7,215.2

Crime rates in Audubon by year,147.9,155.6,143.5,156.3,162.5,178.7,182.0,149.4,182.4,221.9,225.3,212.2,198.3,196.1,164.0

Crime rates in Avalon by year,387.6,482.5,459.7,722.7,697.5,549.5,572.1,694.8,983.6,743.2,793.0,743.9,642.1,724.3,669.3

Crime rates in Avon-by-the-Sea by year,172.7,226.8,160.6,274.9,141.5,106.5,124.3,159.9,135.8,149.1,214.5,116.8,71.3,81.7,86.8

Crime rates in Barnegat Light by year,131.3,188.6,204.4,178.6,73.6,71.4,88.7,68.7,85.1,82.8,230.1,58.8,613.4,27.8,33.8

Crime rates in Barrington by year,148.5,83.1,91.3,88.0,81.5,80.1,106.4,76.4,76.5,76.3,85.2,89.4,89.1,108.3,103.7

Crime rates in Bay Head by year,137.4,202.8,165.7,201.6,279.9,285.8,283.9,302.2,450.1,278.1,173.3,184.4,99.1,119.5,93.3

Crime rates in Bayonne by year,207.7,158.9,178.0,158.9,170.0,189.5,165.6,149.0,137.1,117.1,113.1,114.1,129.9,118.8,116.6

Crime rates in Beach Haven by year,579.8,448.8,466.9,518.1,429.4,441.6,371.8,464.6,650.8,571.3,434.6,382.9,315.6,321.9,473.3

Crime rates in Beachwood by year,111.7,94.6,118.2,121.6,138.7,124.1,131.8,138.8,113.8,103.1,104.1,77.4,64.1,73.5,81.1

Crime rates in Belleville by year,299.7,211.2,248.7,231.7,217.5,224.2,187.6,175.1,245.0,183.7,203.9,215.1,184.3,131.6,147.1

Crime rates in Bellmawr by year,159.9,137.7,136.1,144.2,192.6,194.2,126.4,171.5,192.7,166.8,139.3,112.0,171.0,149.3,126.8

Crime rates in Belmar by year,268.9,355.3,418.3,374.2,325.3,384.5,368.0,364.2,356.6,274.3,263.5,234.7,255.8,205.5,179.5

Crime rates in Belvidere by year,23.0,33.6,46.6,45.7,20.5,50.4,37.4,51.2,78.8,73.0,74.1,50.3,35.4,204.4,137.5

Crime rates in Bergenfield by year,82.6,69.3,54.1,64.4,66.7,72.7,51.1,49.6,46.8,39.7,31.6,30.2,27.4,29.7,25.8

Crime rates in Berkeley Heights by year,59.2,46.5,26.4,35.8,32.8,37.3,38.2,36.8,26.8,39.2,30.9,21.1,36.3,30.0

Crime rates in Berlin by year,159.3,145.9,135.4,154.8,128.3,153.9,140.3,147.4,154.5,148.8,152.4,116.8,78.0,136.3,114.5

Crime rates in Bernardsville by year,49.1,61.1,47.4,51.1,31.6,31.3,21.0,26.8,50.4,18.9,33.9,33.7,23.7,42.2,30.3

Crime rates in Beverly by year,441.6,299.0,263.5,358.5,247.1,344.2,298.9,210.5,207.3,226.6,258.7,322.4,273.4,385.5,248.2

Crime rates in Blairstown by year,7.3,27.0,30.9,72.9,50.4,112.1,102.7,53.3,59.5,54.9,41.1,48.7,27.1,28.3,32.1

Crime rates in Bloomfield by year,342.7,330.8,269.6,232.0,223.2,204.5,187.6,197.1,192.5,195.8,201.5,180.4,132.4,113.1,104.4

Crime rates in Bloomingdale by year,58.5,63.5,35.5,52.0,38.2,79.2,64.6,51.2,91.4,45.0,32.4,39.9,64.5,45.7,30.7

Crime rates in Bogota by year,75.6,128.9,78.0,63.5,70.1,89.1,92.4,86.1,87.2,44.0,43.2,29.7,64.1,29.2,29.7

Crime rates in Boonton by year,120.5,91.6,77.1,53.3,44.7,71.4,123.7,79.9,88.0,77.1,86.0,53.6,89.8,68.0,58.1

Crime rates in Bordentown by year,66.0,112.6,133.1,74.1,84.1,102.5,90.0,105.7,53.3,65.1,51.9,18.7,42.4,28.7,61.7

Crime rates in Bound Brook by year,170.9,148.5,194.2,194.8,166.1,173.9,172.3,165.9,190.6,143.7,140.0,138.0,113.6,90.6,130.5

Crime rates in Bradley Beach by year,236.0,319.0,288.7,219.4,204.3,240.4,191.4,187.3,215.7,185.8,169.1,198.6,138.0,114.3,92.3

Crime rates in Bridgeton by year,765.6,711.9,638.5,640.9,670.4,594.2,475.3,551.0,550.9,571.0,616.7,526.7,558.6,475.6,561.3

Crime rates in Brielle by year,92.5,66.0,77.0,86.6,112.6,62.6,69.9,60.1,60.3,62.5,49.9,31.7,52.8,20.4,23.8

Crime rates in Brigantine by year,39.0,109.8,113.9,98.1,95.8,88.7,101.8,120.7,136.9,103.1,160.6,113.7,90.5,62.4

Crime rates in Brooklawn by year,857.1,636.9,743.3,639.6,557.4,845.1,795.4,825.4,945.0,666.0,692.5,623.7,753.1,880.7,727.9

Crime rates in Buena by year,320.4,301.9,366.1,289.0,400.8,244.3,188.7,225.8,204.6,217.8,172.4,143.4,181.8,236.5,293.1

Crime rates in Burlington by year,173.3,148.3,226.9,296.8,278.1,278.8,226.2,265.0,258.5,234.6,341.0,226.6,227.9,284.4,269.7

Crime rates in Butler by year,188.3,107.8,92.6,122.9,140.2,91.9,93.2,131.3,94.1,116.4,81.3,89.2,79.7,89.1,51.3

Crime rates in Caldwell by year,89.0,94.6,50.8,44.7,30.0,25.8,71.3,56.2,63.1,98.1,72.6,67.5,35.4,44.7,106.2

Crime rates in Califon by year,22.4,22.5,52.0,25.3,62.4,35.5,18.5,29.7,22.9,6.6,6.4,7.4,10.4

Crime rates in Camden by year,1122.6,1078.1,917.2,983.0,1024.7,1114.6,967.6,937.0,1151.8,1107.6

Crime rates in Cape May Point by year,197.0,135.2,366.7,542.4,214.0,376.7,556.6,343.9,229.5,96.6,230.8,109.2,70.9,0.0,125.4

Crime rates in Cape May by year,243.8,301.0,256.5,363.5,263.4,266.2,243.8,234.9,279.6,246.0,212.1,217.7,202.4,270.9,118.9

Crime rates in Carlstadt by year,194.1,276.7,194.8,144.8,229.3,199.5,161.5,201.3,155.2,164.7,133.7,112.4,96.9,166.0,143.4

Crime rates in Carteret by year,219.8,180.2,177.8,184.6,152.9,136.7,118.8,144.2,178.4,147.3,136.7,121.2,105.2,114.9,119.5

Crime rates in Cedar Grove by year,108.4,96.7,93.5,84.7,74.7,96.0,64.8,78.0,69.7,40.4,43.2,31.4,43.0,45.4,48.5

Crime rates in Chatham by year,42.7,23.2,58.7,76.7,33.9,35.7,66.4,40.4,44.2,37.3,37.1,42.7,25.4,30.8,29.4

Crime rates in Chesilhurst by year,205.2,190.0,198.3,175.2,212.7,332.8,221.0,190.3,155.0,221.2,361.7,190.2,248.1,252.8,118.6

Crime rates in Chester by year,106.4,153.0,54.2,81.0,77.3,108.3,140.9,77.6,99.2,67.8,123.6,54.7,41.7,47.3,61.9

Crime rates in Clark by year,75.5,61.0,69.8,79.7,80.8,56.8,43.1,66.9,63.9,65.1,61.8,41.0,43.1,53.0,66.5

Crime rates in Clayton by year,291.4,223.0,252.7,174.7,185.0,175.5,146.6,146.1,120.3,142.1,143.4,108.1,97.8,116.7,138.0

Crime rates in Clementon by year,524.0,443.7,455.6,373.9,275.3,423.6,447.3,325.2,411.8,378.2,326.8,231.2,293.2,266.0,266.6

Crime rates in Cliffside Park by year,82.5,84.3,73.9,63.5,75.7,69.0,85.4,78.3,76.7,77.7,106.1,81.2,77.1,57.8,59.4

Crime rates in Clifton by year,213.2,219.3,184.7,181.9,194.5,200.5,178.2,172.2,156.0,145.4,137.4,146.0,134.2,132.3

Crime rates in Clinton by year,22.7,34.1,77.9,47.7,21.6,66.0,57.6,90.8,133.1,79.3,143.2,129.7,43.7,101.3,55.7

Crime rates in Closter by year,67.2,60.0,36.9,42.6,27.7,43.2,32.3,37.7,55.6,30.5,37.1,44.8,57.8,50.5,22.4

Crime rates in Collingswood by year,262.4,219.1,199.6,180.5,222.7,262.5,245.1,256.8,262.2,251.7,190.4,175.4,164.3,211.2,195.9

Crime rates in Cranbury by year,112.9,106.6,115.4,141.0,86.0,73.8,60.6,60.2,51.7,83.1,69.2,51.7,64.4,47.8,29.0

Crime rates in Cranford by year,100.7,67.0,83.6,69.5,60.4,77.2,68.7,63.8,66.9,63.2,42.7,39.8,33.3,38.9,34.5

Crime rates in Cresskill by year,82.1,68.7,30.1,22.2,34.5,19.0,25.5,26.6,32.6,19.1,22.3,21.4,21.2,24.5

Crime rates in Deal by year,339.3,404.5,189.2,225.1,383.1,288.5,263.9,406.3,590.4,400.0,674.7,450.7,287.5,238.1,237.0

Crime rates in Demarest by year,74.8,42.3,39.0,38.5,24.4,23.8,31.4,33.4,36.3,19.9,34.8,21.3,27.7,24.5,20.7

Crime rates in Dover by year,181.7,201.4,221.7,188.9,189.1,157.6,180.9,146.3,192.1,156.0,120.7,128.1,105.6,115.5,90.1

Crime rates in Dumont by year,77.8,75.0,45.1,61.9,71.7,67.3,55.8,54.2,50.7,66.1,48.3,29.6,24.8,27.0,27.9

Crime rates in Dunellen by year,178.8,185.9,161.6,115.3,130.1,121.6,123.2,201.5,163.1,212.3,110.8,184.8,102.1,34.8,130.7

Crime rates in East Brunswick by year,127.6,102.0,110.0,102.2,113.6,108.9,126.7,104.2,100.2,93.6,79.6,83.4,96.4,77.0,77.1

Crime rates in East Newark by year,101.2,168.2,151.4,248.7,114.2,82.7,87.6,123.8,104.4,131.8,177.1,103.8,48.5,53.9,76.5

Crime rates in East Orange by year,1053.7,834.1,748.5,520.5,399.5,353.6,349.3,344.3,303.9,278.0,290.4,286.9,279.7,278.8,311.0

Crime rates in East Rutherford by year,235.9,169.8,207.2,206.6,145.5,170.7,120.8,151.6,146.7,134.2,104.1,69.8,96.6

Crime rates in Eatontown by year,225.1,244.2,214.0,266.0,218.0,288.9,270.9,288.3,247.4,251.3,224.1,227.8,273.3,232.6,196.8

Crime rates in Edgewater by year,145.2,119.9,101.1,139.2,118.6,103.4,168.4,129.8,82.0,96.2,101.0,80.6,124.1,62.4,79.9

Crime rates in Edison by year,213.9,177.6,179.4,191.9,166.8,168.3,175.6,124.1,135.5,108.5,99.9,82.5,83.7,78.2,87.6

Crime rates in Egg Harbor City by year,210.4,227.8,214.4,174.2,281.9,365.8,221.0,320.0,287.3,316.4,246.8,287.5,218.6,227.2,255.9

Crime rates in Elizabeth by year,478.5,424.1,429.8,432.6,462.2,520.9,513.6,526.4,541.8,437.6,393.5,428.3,423.5,398.4,415.6

Crime rates in Elmer by year,123.9,43.5,49.5,92.8,99.7,93.1,64.9,27.5,40.0,50.8,50.0,88.4,32.2,48.6

Crime rates in Elmwood Park by year,208.0,169.4,144.4,135.4,157.6,136.9,141.7,128.5,127.2,115.2,118.5,120.5,124.9,128.0,106.4

Crime rates in Emerson by year,53.5,38.0,46.0,38.3,32.3,51.6,57.1,48.4,42.4,30.5,19.1,24.3,21.7,28.4,20.1

Crime rates in Englewood Cliffs by year,85.0,106.4,94.4,88.8,79.2,85.6,80.4,58.5,72.7,69.9,63.1,40.3,49.3,52.3,31.8

Crime rates in Englewood by year,189.8,173.8,197.8,186.9,146.4,157.6,139.2,154.6,128.1,157.4,186.9,159.3,140.2,117.7,128.6

Crime rates in Englishtown by year,61.1,229.3,50.6,45.2,84.6,44.2,57.9,126.5,69.6,52.8,80.9,121.1,121.5,120.3,201.9

Crime rates in Essex Fells by year,70.3,36.4,44.5,35.2,31.5,31.0,18.1,120.1,37.7,57.9,129.9,39.3,27.8,34.7

Crime rates in Ewing by year,257.7,213.4,218.0,192.2,160.7,164.5,162.6,185.3,198.6,168.7,145.8,152.9,162.7,166.2,158.4

Crime rates in Fair Haven by year,34.9,49.2,34.0,45.9,39.6,51.8,26.4,60.5,50.2,41.4,33.7,28.7,17.6,32.6,18.3

Crime rates in Fair Lawn by year,96.7,119.2,85.4,99.3,86.7,68.8,76.6,77.0,78.9,77.1,56.6,65.0,71.2,99.0,70.2

Crime rates in Fairfield by year,217.5,270.9,224.1,N/A,N/A,N/A

Crime rates in Fairview by year,74.3,217.8,232.9,234.6,240.1,193.0,155.0,147.8,146.7,115.5,94.3,127.7,72.7,72.2,83.8

Crime rates in Fanwood by year,83.9,79.8,99.4,44.8,66.4,72.7,68.8,54.4,69.5,60.2,62.7,34.6,28.9,45.1,27.4

Crime rates in Far Hills by year,146.0,13.2,60.8,76.1,73.6,26.5,17.7,52.7,62.9,38.8,49.8,25.9,189.9,60.2,41.7

Crime rates in Flemington by year,76.4,112.6,159.9,166.7,249.8,306.4,236.6,120.8,127.9,118.1,104.9,96.4,117.0,111.7,118.2

Crime rates in Florence by year,26.2,123.1,100.0,75.1,111.4,134.7,62.4,92.3,85.9,93.6,64.3,43.8,51.7,105.2,77.9

Crime rates in Florham Park by year,61.0,48.4,41.6,52.2,63.7,43.2,41.7,31.5,49.8,47.5,50.4,46.7,39.5,71.9,61.4

Crime rates in Fort Lee by year,80.0,80.6,67.0,60.0,50.4,47.8,55.9,63.1,60.8,62.1,55.6,43.7,60.0,63.6,56.9

Crime rates in Franklin Lakes by year,55.9,49.6,45.3,52.6,60.2,60.0,45.8,38.5,44.9,49.9,43.6,41.4,25.4,45.2,34.6

Crime rates in Franklin by year,114.7,134.7,106.6,93.2,106.2,133.3,108.7,145.3,167.5,174.5,120.9,123.1,101.3,83.3,51.1

Crime rates in Freehold by year,277.4,273.1,190.0,218.5,245.7,303.3,193.5,254.6,161.9,194.9,181.5,145.0,141.7,104.3,104.9

Crime rates in Frenchtown by year,62.7,104.5,198.0,78.5,86.3,109.9,70.3,96.3,100.9,68.3,109.1,51.8,58.6,31.7,43.0

Crime rates in Garfield by year,172.6,165.7,171.0,136.6,129.2,118.0,124.2,123.9,150.3,160.9,159.7,159.5,156.9,168.7,131.1

Crime rates in Garwood by year,69.0,88.7,118.8,73.0,73.8,45.0,49.3,82.2,74.1,82.2,89.8,97.5,99.3,71.9,46.1

Crime rates in Gibbsboro by year,180.3,195.4,123.9,150.2,109.8,114.2,185.3,148.8,123.1,188.8,121.1,113.5,105.9,91.0

Crime rates in Glassboro by year,335.2,324.9,303.0,315.7,334.4,214.0,203.9,153.3,173.0,208.9,151.6,128.8,146.0,145.3,123.8

Crime rates in Glen Ridge by year,329.9,240.4,265.3,179.6,144.1,122.2,149.7,175.9,163.1,165.3,125.5,114.1,172.2,116.1,121.5

Crime rates in Glen Rock by year,69.7,40.4,31.2,33.8,29.1,44.2,33.0,49.7,29.0,45.3,35.7,32.3,29.7,27.5,42.7

Crime rates in Gloucester City by year,238.2,195.7,207.8,227.8,260.1,236.8,212.6,228.2,275.5,222.9,223.4,168.3,168.4,165.5

Crime rates in Greenwich by year,N/A,N/A,N/A

Crime rates in Guttenberg by year,270.1,214.9,218.4,225.6,150.3,210.7,137.2,128.8,101.9,147.9,129.6,102.8,115.5,65.8,130.4

Crime rates in Hackensack by year,210.9,205.6,189.5,204.4,190.9,211.2,200.3,177.8,152.5,150.6,152.4,118.6,129.4,123.9,130.7

Crime rates in Hackettstown by year,97.8,100.1,90.1,131.1,116.2,122.8,94.6,81.2,112.0,90.3,81.5,108.1,63.9,28.8

Crime rates in Haddon Heights by year,104.2,118.7,85.6,110.7,91.0,114.2,78.1,112.1,125.5,131.6,106.5,79.0,68.1,62.6,50.6

Crime rates in Haddonfield by year,92.0,76.1,107.5,140.7,112.8,109.9,80.3,156.8,109.4,120.3,89.4,72.8,92.3,79.1,80.8

Crime rates in Haledon by year,174.4,100.6,111.6,100.8,152.7,139.1,154.3,189.9,204.0,177.4,122.2,133.2,170.2,182.8,141.0

Crime rates in Hamburg by year,88.3,63.1,56.3,119.3,111.4,97.1,62.8,83.9,72.1,65.9,41.4,35.0,50.4,37.4,36.8

Crime rates in Hammonton by year,145.0,154.5,147.4,155.4,95.9,110.5,108.3,147.0,120.1,85.2,64.5,73.6,61.4,87.4,84.4

Crime rates in Harrington Park by year,16.8,17.9,19.2,9.6,11.4,12.9,11.9,7.7,15.2,8.3,6.4,4.2,13.3,12.2,24.5

Crime rates in Harrison by year,248.6,223.6,280.8,256.6,219.2,203.6,177.3,160.4,282.5,261.0,231.7,150.8,160.2,179.1,184.6

Crime rates in Harvey Cedars by year,324.9,178.2,173.2,196.9,279.1,401.0,536.5,250.0,313.6,492.7,366.3,151.2,171.0,164.7,233.9

Crime rates in Hasbrouck Heights by year,86.1,72.6,87.7,74.9,54.6,53.1,40.4,30.9,37.1,36.3,37.6,61.3,44.8,37.8,25.4

Crime rates in Haworth by year,20.4,7.9,10.2,12.9,30.4,14.4,20.2,13.3,26.8,38.6,6.7,20.9,14.8,30.6,6.9

Crime rates in Hawthorne by year,93.9,81.5,84.7,86.4,93.4,97.6,81.5,68.0,92.0,75.2,62.8,48.6,45.1,68.0,55.7

Crime rates in Helmetta by year,49.4,120.0,46.9,39.0,34.3,31.6,29.5,58.4,66.4,78.6,168.3,107.4,41.8,25.1,31.9

Crime rates in Hi-Nella by year,332.5,410.9,316.4,280.5,188.4,255.8,319.6,198.4,270.3,315.0,186.9,159.5,310.3,211.9,201.4

Crime rates in High Bridge by year,107.9,41.4,79.2,66.8,93.2,97.9,102.1,196.9,65.8,58.0,51.4,55.7,59.9,56.2,48.2

Crime rates in Highland Park by year,128.2,85.5,110.4,104.6,94.7,104.4,90.6,102.7,96.2,98.6,87.7,65.6,54.5,59.0,71.9

Crime rates in Highlands by year,192.6,131.2,158.2,102.4,88.4,78.6,95.4,143.8,164.9,133.3,93.2,97.6,78.3,58.7,51.1

Crime rates in Hightstown by year,282.4,215.8,148.2,209.0,132.3,152.0,119.4,114.5,161.8,191.1,83.2,115.5,72.3,64.1

Crime rates in Hillsdale by year,60.7,44.7,28.4,43.7,46.3,60.6,38.8,23.8,25.7,42.3,28.9,22.2,18.3,21.3,15.4

Crime rates in Hillside by year,416.6,372.9,353.0,319.7,330.6,347.4,317.9,321.7,299.7,262.0,276.6,261.7,215.8,214.0,201.6

Crime rates in Ho-Ho-Kus by year,29.3,25.3,37.8,15.9,34.8,38.6,26.0,19.9,33.2,25.9,25.2,76.5,16.0,15.6,54.2

Crime rates in Hoboken by year,318.0,284.7,259.0,217.5,224.9,219.0,217.8,187.0,187.0,175.7,162.2,156.5,144.6,128.7,153.0

Crime rates in Hopatcong by year,74.8,65.1,54.4,46.5,38.5,46.0,51.8,60.1,38.2,44.4,72.2,42.4,37.1,43.9,46.6

Crime rates in Hopewell by year,40.1,58.8,62.8,30.9,102.8,37.2,51.9,40.0,78.3,61.5,81.6,84.8,21.9,31.6,56.6

Crime rates in Interlaken by year,146.8,67.5,60.2,16.9,13.7,61.5,53.8,57.0,154.3,207.3,187.6,84.1,82.1,69.5,77.7

Crime rates in Irvington by year,1213.4,1056.7,1036.1,973.6,983.3,988.7,778.4,700.5,622.0,593.4,659.7,622.3,566.5,417.7,425.4

Crime rates in Island Heights by year,83.2,92.5,50.7,40.8,19.3,91.9,66.3,41.2,35.1,55.1,25.7,20.8,68.3,22.8,27.7

Crime rates in Jamesburg by year,107.3,89.4,94.4,119.2,80.9,111.2,62.6,97.1,122.8,128.0,77.5,59.4,47.2,88.6,79.7

Crime rates in Jersey City by year,575.7,524.9,574.0,509.8,431.7,437.4,348.8,347.7,339.6,316.7,278.0,238.7,249.3,238.4,255.6

Crime rates in Keansburg by year,282.9,268.7,220.6,283.7,235.6,182.4,231.8,224.4,250.6,247.1,158.0,180.1,173.8,164.5,195.2

Crime rates in Kearny by year,235.6,210.6,222.1,206.8,227.7,236.1,212.8,183.7,194.1,173.1,162.1,160.3,131.2,142.7,104.6

Crime rates in Kenilworth by year,105.1,108.1,109.6,86.3,83.2,131.0,125.1,102.2,132.6,137.3,135.0,124.3,106.5,115.1,126.3

Crime rates in Keyport by year,113.1,127.2,140.9,163.2,149.1,117.4,58.3,70.9,191.6,207.1,140.7,139.8,143.0,135.4,125.0

Crime rates in Kinnelon by year,42.0,68.7,42.9,40.9,41.8,38.3,28.1,40.7,42.8,39.2,46.5,37.5,33.6,27.4,27.4

Crime rates in Lake Como by year,120.6,219.9,169.7,116.9,170.7,161.4,96.9,79.1,103.5,188.1,81.0,179.3,146.3

Crime rates in Lakehurst by year,197.0,171.9,204.0,164.2,151.8,251.8,149.2,84.9,88.2,101.1,114.4,46.1,35.9,70.8,58.9

Crime rates in Lakewood by year,221.5,232.7,183.8,233.8,184.4,183.4,149.3,122.6,86.4,90.6,81.9,105.1,113.3,95.7,69.1

Crime rates in Lambertville by year,119.8,166.9,131.7,131.1,125.6,127.2,77.8,99.9,96.2,99.9,95.9,93.2,88.5,141.7,86.2

Crime rates in Laurel Springs by year,311.7,220.7,477.7,161.9,221.5,248.1,280.1,205.5,214.7,232.3,140.5,130.9,148.7,115.5,161.0

Crime rates in Lavallette by year,138.3,93.6,44.4,60.0,127.7,134.9,204.8,150.6,221.7,202.3,108.2,93.4,87.3,87.8,77.3

Crime rates in Lawnside by year,400.9,395.5,319.9,284.5,375.5,316.5,483.2,366.9,359.7,243.9,261.1,346.4,245.6

Crime rates in Lebanon by year,52.8,65.4,81.8,50.0,41.0,74.8,50.3,24.0,32.1,36.9,31.8,20.5,23.7,35.4,32.5

Crime rates in Leonia by year,79.6,95.0,62.3,58.2,75.3,55.1,99.1,38.3,64.8,62.5,35.0,42.8,37.9,31.9,33.0

Crime rates in Lincoln Park by year,45.8,53.1,69.6,60.6,61.8,41.3,33.3,45.9,55.6,68.3,72.8,51.6,48.2,55.9,48.4

Crime rates in Linden by year,333.2,304.7,265.7,271.7,282.6,296.8,233.4,258.1,249.2,207.9,217.7,238.4,219.0,210.0,206.0

Crime rates in Lindenwold by year,451.1,369.1,420.7,495.4,489.3,515.0,463.9,419.6,432.5,428.3,363.9,352.3,376.0,337.7,357.5

Crime rates in Linwood by year,74.6,79.5,85.2,98.3,74.3,108.5,153.6,107.1,69.1,108.3,58.3,56.3,60.6,59.9,69.5

Crime rates in Little Falls by year,231.3,195.2,210.6,243.9,209.6,210.3,104.3,113.6,97.2,113.8,80.1,64.0,73.2,62.6,64.6

Crime rates in Little Ferry by year,83.2,72.2,76.8,71.7,108.5,77.1,101.7,73.0,82.5,77.8,67.8,59.9,90.6,50.8,82.6

Crime rates in Little Silver by year,63.3,71.7,77.8,48.2,107.6,91.0,81.5,61.9,45.1,83.9,73.1,48.0,43.7,40.5,28.6

Crime rates in Livingston by year,117.4,120.8,107.2,116.2,90.9,95.8,75.5,73.3,86.7,83.4,72.0,62.1,56.3,79.4,59.5

Crime rates in Loch Arbour by year,167.9,162.5,278.6,305.5,128.2,201.5,197.8,306.6,589.7,312.8,647.7,238.3,243.4,241.9,187.8

Crime rates in Lodi by year,143.3,137.5,151.1,105.3,101.8,105.6,106.6,96.0,110.3,133.7,118.6,128.9,104.6,96.9,124.1

Crime rates in Long Branch by year,259.0,235.3,231.3,282.8,177.2,221.3,234.4,217.8,223.8,232.4,273.2,221.5,222.7,221.8,245.7

Crime rates in Longport by year,141.2,50.9,46.1,165.9,77.6,53.7,102.6,78.8,149.2,110.2,40.7,69.6,29.7,81.4,123.3

Crime rates in Madison by year,74.3,54.0,75.6,73.9,59.3,56.9,61.3,50.3,41.6,40.0,35.6,41.0,23.7,34.8,27.9

Crime rates in Magnolia by year,490.7,272.5,231.0,236.8,260.8,304.4,265.0,260.3,227.3,221.6,260.4,196.1,160.5,139.0,199.8

Crime rates in Manasquan by year,184.4,176.1,175.2,125.8,194.4,195.4,122.7,134.9,206.0,229.6,120.8,125.7,142.2,90.5,88.7

Crime rates in Mantoloking by year,172.4,109.1,121.7,146.7,164.8,214.1,173.6,331.9,808.1,384.6,360.3,268.8,200.0,127.0,157.9

Crime rates in Manville by year,155.9,120.0,147.0,117.5,77.5,87.5,109.5,121.3,89.2,106.0,146.3,142.1,154.8,152.5,128.7

Crime rates in Maplewood by year,280.8,236.5,247.8,197.3,161.4,179.6,166.8,188.6,147.9,173.0,150.1,132.2,106.1,95.7,141.9

Crime rates in Margate City by year,106.9,93.5,96.9,111.6,119.6,103.3,158.4,118.1,133.3,130.9,175.3,196.1,217.3,185.5,124.1

Crime rates in Matawan by year,93.8,74.2,121.3,92.9,73.2,82.9,109.6,68.0,104.4,82.4,67.8,64.8,43.4,25.4,14.3

Crime rates in Maywood by year,50.2,64.3,41.6,57.7,53.2,69.6,58.4,61.5,46.4,81.2,61.4,56.0,43.7,47.6,60.1

Crime rates in Medford Lakes by year,46.6,41.8,41.8,40.8,31.6,61.6,70.1,77.5,39.9,37.4,16.7,44.0,41.9,67.8,25.5

Crime rates in Mendham by year,55.5,43.2,38.5,38.3,30.1,52.3,23.2,25.8,44.0,41.5,29.2,45.9,25.0,22.9,24.2

Crime rates in Merchantville by year,117.7,164.2,155.1,164.3,126.9,121.0,118.1,97.5,163.8,170.7,187.0,173.4,192.3,103.4,141.2

Crime rates in Metuchen by year,132.7,100.4,118.8,106.6,145.9,111.8,108.3,94.5,88.9,88.4,72.2,66.9,68.0,69.5,80.8

Crime rates in Middlesex by year,89.3,69.8,45.8,88.3,64.8,64.5,70.0,63.7,60.5,53.2,58.7,77.2,76.8

Crime rates in Midland Park by year,50.4,54.8,40.6,35.4,39.7,68.5,53.2,63.5,42.9,52.6,26.4,25.8,76.6,47.6,51.5

Crime rates in Millburn by year,231.3,184.8,171.2,209.0,156.3,167.3,150.8,148.2,183.4,133.2,124.6,86.6,94.3,84.4,103.8

Crime rates in Milltown by year,171.8,138.5,131.1,152.3,94.9,93.3,123.3,86.5,104.0,83.3,28.8,41.5,36.6,111.9,94.4

Crime rates in Millville by year,576.6,527.9,509.0,546.2,525.6,449.1,408.7,350.8,509.7,597.7,623.6,536.4,532.2,543.7,427.3

Crime rates in Monmouth Beach by year,60.9,41.4,50.5,60.9,101.5,118.4,62.8,91.4,88.4,87.6,90.9,92.3,68.0,135.8,70.7

Crime rates in Montclair by year,284.9,244.5,207.9,194.5,192.5,164.9,136.9,141.8,152.7,142.0,139.1,108.8,105.2,111.4,138.1

Crime rates in Montvale by year,45.8,57.8,27.8,40.6,40.8,41.4,40.4,35.6,41.7,26.3,26.9,26.1,17.2,20.3,19.3

Crime rates in Moonachie by year,131.1,185.6,179.0,167.0,186.0,122.5,152.8,151.3,96.8,144.3,125.2,171.7,122.6,83.2,121.5

Crime rates in Morris Plains by year,83.2,123.2,83.2,87.5,75.0,64.9,82.0,92.9,70.8,59.9,58.2,54.6,62.1,83.7,86.9

Crime rates in Morristown by year,312.9,377.5,416.5,321.0,282.8,290.6,218.5,210.4,243.6,209.8,234.7,143.8,142.3,175.6,129.6

Crime rates in Mount Arlington by year,111.1,78.4,58.6,63.0,56.8,39.2,51.1,52.4,112.5,33.3,41.7,35.1,23.0,31.9,43.1

Crime rates in Mount Ephraim by year,309.9,333.7,237.5,302.9,293.2,226.9,184.7,245.3,243.2,204.0,217.4,194.8,153.8,211.5,230.2

Crime rates in Mountain Lakes by year,106.1,104.0,98.1,117.5,99.4,85.4,72.0,79.7,133.4,40.4,37.6,59.9,31.3,55.0,65.1

Crime rates in Mountainside by year,76.0,62.8,64.3,61.7,71.5,50.7,59.7,47.0,33.1,52.7,45.5,19.4,23.2,29.6,47.4

Crime rates in National Park by year,132.8,112.7,153.0,182.3,161.8,253.4,223.8,144.6,203.2,255.2,157.8,113.0,123.2,116.6,94.3

Crime rates in Neptune City by year,346.6,285.0,243.5,241.7,255.1,205.7,262.7,296.5,236.0,217.7,305.2,239.1,210.1,197.3,211.9

Crime rates in Netcong by year,200.2,251.1,167.1,219.9,167.2,324.7,134.4,97.7,107.0,139.0,153.4,79.7,118.1,105.9,130.0

Crime rates in New Brunswick by year,443.3,414.1,401.4,432.3,375.1,421.9,398.0,336.1,381.1,372.0,319.0,366.5,328.3,326.7,306.6

Crime rates in New Milford by year,40.9,49.9,63.0,39.9,32.3,45.7,39.3,41.2,42.5,32.4,35.7,25.0,23.9,14.6,26.8

Crime rates in New Providence by year,54.6,50.7,63.3,60.5,57.3,49.1,33.4,56.2,51.3,37.2,52.5,20.9,23.0,19.2

Crime rates in Newark by year,627.0,617.2,609.0,590.8,524.6,508.3,491.1,541.3,600.9,601.7,615.2,522.2,451.8,432.6

Crime rates in Newfield by year,30.4,55.5,94.1,127.0,114.7,76.0,64.5,89.4,86.6,84.9,95.6,64.2,48.6,65.0,56.1

Crime rates in Newton by year,91.8,122.4,127.6,89.6,80.6,108.2,129.7,92.9,73.8,138.6,80.8,102.7,128.2,118.4,111.5

Crime rates in North Arlington by year,103.7,65.5,107.9,114.9,91.0,89.5,85.0,87.9,109.2,73.3,82.4,84.2,82.9,68.3,68.4

Crime rates in North Brunswick Township by year,211.2,175.9,194.0,162.9,174.4,157.7,156.5,130.9,138.6,123.9,130.4,136.8,123.7,111.6,109.9

Crime rates in North Caldwell by year,39.1,18.4,47.9,36.5,51.0,58.9,37.3,33.9,34.7,18.0,33.9,13.5,35.7,21.5,19.6

Crime rates in North Haledon by year,82.5,70.1,32.4,49.6,64.6,48.9,28.7,25.7,33.6,53.6,50.0,31.5,39.5,25.7

Crime rates in North Plainfield by year,264.4,200.7,212.9,216.7,212.5,227.1,212.2,178.8,176.7,158.5,165.9,115.4,143.4,165.0,197.8

Crime rates in North Wildwood by year,312.7,440.7,438.1,499.4,437.7,416.9,395.7,430.0,501.0,544.0,398.2,344.3,280.7,281.9,276.5

Crime rates in Northfield by year,96.9,107.1,135.5,83.2,88.9,101.8,122.7,63.5,58.8,53.5,51.7,38.9,74.5,46.8,43.0

Crime rates in Northvale by year,49.8,31.3,30.3,34.6,46.9,24.7,55.2,19.3,46.0,36.0,30.5,22.2,25.2,4.1,10.4

Crime rates in Norwood by year,82.9,69.8,51.1,31.3,17.2,17.0,24.0,25.4,27.2,24.9,21.5,14.9,8.0,14.0,20.5

Crime rates in Nutley by year,137.8,98.1,92.6,115.3,120.9,104.2,97.4,77.6,76.7,73.6,66.6,56.7,71.8,77.4,55.5

Crime rates in Oakland by year,68.1,47.9,52.9,42.8,36.3,42.4,46.6,51.3,37.8,51.5,32.3,58.1,26.9,38.5,40.1

Crime rates in Oaklyn by year,237.0,251.9,226.4,158.5,231.4,286.9,159.4,218.4,174.0,183.5,191.2,155.6,203.1,237.7,178.4

Crime rates in Ocean City by year,250.2,347.0,327.3,341.9,406.9,349.3,319.9,341.8,270.4,218.7,217.7,216.8,217.8,179.0,200.9

Crime rates in Ocean Gate by year,127.1,140.3,128.2,174.3,321.1,93.5,118.1,85.7,219.0,171.8,99.7,89.3,115.5,78.3,95.4

Crime rates in Oceanport by year,82.2,71.4,94.6,48.2,44.9,69.4,77.4,107.2,84.6,101.1,125.7,76.1,88.4,61.6,64.3

Crime rates in Ogdensburg by year,32.9,19.5,15.1,12.9,35.2,91.8,37.5,63.5,41.8,52.7,63.8,11.7,31.0,23.4,17.6

Crime rates in Old Bridge by year,128.3,110.1,110.4,98.2,81.4,83.0,81.8,95.2,99.8,91.8,80.0,64.7,77.0,57.0,60.8

Crime rates in Old Tappan by year,68.4,29.3,28.6,35.4,17.7,27.2,18.2,39.3,27.0,20.3,12.2,9.8,27.3,20.4,12.5

Crime rates in Oradell by year,57.8,55.3,43.9,50.9,41.9,27.6,47.7,47.5,28.6,36.2,38.5,38.0,16.5,28.2

Crime rates in Orange by year,784.4,653.8,621.4,646.9,639.3,589.2,525.1,546.4,573.0,429.3,541.8,496.3,481.6,540.1,430.9

Crime rates in Oxford by year,28.7,27.3,45.2,33.8,59.8,65.1,15.4,23.7,32.5,15.5,24.4,31.2,50.9,31.4,31.1

Crime rates in Palisades Park by year,94.8,73.4,70.2,65.5,82.1,80.2,66.7,76.4,77.2,53.0,42.9,48.3,48.9,46.9

Crime rates in Palmyra by year,340.5,153.8,168.7,177.8,183.2,244.2,191.5,169.9,183.6,191.9,218.2,168.5,153.0,165.8,169.3

Crime rates in Paramus by year,395.7,431.8,311.2,347.6,305.6,368.2,385.9,364.5,328.1,249.9,242.8,212.7,207.2,210.7,197.7

Crime rates in Park Ridge by year,44.5,22.9,30.4,31.6,29.3,28.8,29.2,35.7,26.3,25.8,23.6,55.5,12.6,22.3,13.3

Crime rates in Passaic by year,484.1,423.2,388.8,381.3,387.8,384.3,318.7,373.9,328.8,307.0,269.7,253.4,200.9,220.8,224.8

Crime rates in Paterson by year,470.4,400.7,435.9,480.0,446.8,468.0,404.5,480.0,485.6,487.4,467.9,394.6,380.2,359.8,345.4

Crime rates in Paulsboro by year,413.0,465.0,407.6,401.9,303.6,395.0,341.7,276.4,371.1,293.7,263.3,307.7,333.6,311.9,313.5

Crime rates in Peapack and Gladstone by year,100.7,36.4,18.2,34.0,43.7,28.5,23.7,64.6,27.4,31.1,41.2,18.9,50.4,59.5

Crime rates in Pemberton by year,173.8,163.8,210.8,259.1,181.8,174.3,109.3,202.0,317.5,252.3,187.5,62.0,141.2,250.5,245.2

Crime rates in Pennington by year,42.1,50.6,51.9,65.6,32.5,52.8,30.6,49.4,28.1,20.3,7.7,41.7,41.5,13.5,12.4

Crime rates in Penns Grove by year,299.5,369.1,619.1,479.5,420.4,318.3,371.7,443.7,393.3,383.2,236.1,436.5,294.2,441.9,525.0

Crime rates in Pennsauken by year,365.0,321.6,315.0,321.2,342.5,342.8,273.5,306.5,287.2,265.2,247.4,195.9,228.1,231.1,209.9

Crime rates in Pennsville by year,163.0,137.1,167.2,160.8,146.2,150.5,190.2,233.7,257.8,195.9,151.0,121.4,116.5,96.4,114.1

Crime rates in Perth Amboy by year,289.4,201.2,218.8,246.3,240.8,234.0,199.5,223.3,238.4,250.5,230.9,223.7,209.9,178.7,166.9

Crime rates in Phillipsburg by year,152.3,175.8,130.4,212.4,170.5,179.6,242.6,227.6,223.2,229.9,219.6,183.3,157.1,167.6,183.7

Crime rates in Pine Beach by year,41.2,84.2,67.7,61.2,87.5,82.7,50.2,67.3,207.1,69.3,43.0,39.8,40.0,14.9,36.4

Crime rates in Pine Hill by year,212.8,228.4,238.3,217.1,215.0,240.5,189.5,228.8,239.4,248.0,255.7,237.2,217.6,152.6,202.9

Crime rates in Pitman by year,77.3,52.3,68.3,97.2,69.1,94.1,77.1,83.1,100.7,92.7,115.8,63.9,65.5,34.2,42.1

Crime rates in Plainfield by year,558.6,511.1,525.5,528.1,430.3,454.4,425.2,470.0,474.6,367.4,377.0,311.1,302.8,323.2,294.7

Crime rates in Pleasantville by year,328.0,498.2,380.1,432.6,448.3,482.9,439.1,471.0,463.6,427.9,282.3,369.7,366.2,257.0,248.1

Crime rates in Point Pleasant Beach by year,250.7,299.6,200.0,246.4,291.2,258.3,248.1,226.5,281.6,296.5,186.4,180.8,197.7,121.7,84.6

Crime rates in Point Pleasant by year,97.9,94.1,79.8,93.2,97.5,109.7,86.1,98.9,108.3,99.5,76.2,62.8,69.6,44.6,53.4

Crime rates in Pompton Lakes by year,107.4,110.4,74.6,58.1,62.5,58.3,119.2,61.1,81.6,67.0,63.2,60.8,69.5,57.0,78.9

Crime rates in Princeton by year,172.1,201.4,181.2,161.9,137.4,136.4,159.1,161.4,152.9,52.1,70.7,60.6,49.5,49.7,38.6

Crime rates in Prospect Park by year,117.6,180.0,168.7,151.6,171.6,147.2,193.0,199.2,190.8,130.6,218.7,135.7,118.1,130.3,110.9

Crime rates in Rahway by year,240.3,225.3,184.9,201.1,202.0,203.4,193.7,163.2,187.6,168.2,135.9,101.3,135.5,99.4,85.6

Crime rates in Ramsey by year,84.3,86.6,59.1,87.0,83.5,87.8,60.3,60.0,70.9,67.0,64.2,64.9,53.9,55.9,46.6

Crime rates in Raritan by year,44.8,78.5,129.2,131.8,112.4,145.6,138.4,128.0,114.6,121.8,89.2,103.4,122.1,96.2,60.0

Crime rates in Red Bank by year,190.3,234.6,166.0,254.6,220.8,249.2,178.2,248.2,201.2,193.2,153.8,151.4,142.9,135.4,134.3

Crime rates in Ridgefield Park by year,149.2,88.9,72.2,99.6,117.5,95.0,90.4,116.0,102.4,76.6,50.1,68.1,74.9,77.1,70.7

Crime rates in Ridgefield by year,60.6,64.0,50.2,69.7,71.8,54.4,50.4,52.1,41.7,47.0,37.9,25.7,27.1,47.9,35.3

Crime rates in Ridgewood by year,64.6,45.2,59.3,52.8,52.5,52.4,53.6,47.4,41.5,59.2,52.4,38.9,48.4,42.7,37.5

Crime rates in Ringwood by year,62.4,43.9,40.4,44.0,49.5,38.5,41.1,60.3,27.2,43.6,42.7,51.2,31.1,28.4,35.8

Crime rates in River Edge by year,74.9,68.2,71.4,72.7,32.7,66.8,40.4,53.9,58.4,79.6,24.8,31.7,35.1,40.7,30.2

Crime rates in River Vale by year,41.8,62.0,31.6,25.9,29.5,29.6,26.7,7.7,14.9,13.7,50.0,9.4,11.3,10.9,9.7

Crime rates in Riverdale by year,103.4,132.2,164.5,152.4,182.1,221.4,153.3,155.7,271.1,176.3,189.3,176.1,139.2,163.8,113.0

Crime rates in Riverton by year,144.7,188.5,165.9,60.6,113.9,138.8,197.1,168.6,137.7,102.9,201.9,45.1,73.0,91.6,64.0

Crime rates in Robbinsville by year,73.5,64.2,57.0,64.0,63.5,56.8,54.4,85.4,45.0,27.0

Crime rates in Rochelle Park by year,103.6,91.0,105.8,106.8,112.7,80.6,60.4,82.5,103.3,88.3,60.0,107.0,87.8,98.2,83.1

Crime rates in Rockaway by year,131.3,98.8,68.8,68.8,55.6,46.4,60.4,65.5,56.2,67.2,69.5,46.3,58.5,79.1,62.0

Crime rates in Rockleigh by year,281.7,491.2,128.5,207.6,314.6,131.4,20.6,17.9,13.1,35.5,45.2,33.5,0.0,7.5,89.7

Crime rates in Roseland by year,79.9,127.5,66.3,38.8,27.0,29.0,27.8,73.3,65.4,60.8,44.7,47.6,51.0,34.0,62.0

Crime rates in Roselle Park by year,174.5,132.7,139.1,94.2,153.6,125.5,87.6,74.7,77.6,66.7,56.4,68.3,66.6,74.3,54.0

Crime rates in Roselle by year,223.1,215.5,239.2,231.9,209.1,267.8,239.3,221.7,223.2,228.9,191.0,166.7,131.1,124.2,127.3

Crime rates in Rumson by year,71.6,61.9,54.2,62.0,36.6,54.7,49.6,53.3,64.2,61.1,40.7,40.0,34.4,36.3,28.7

Crime rates in Runnemede by year,208.7,257.1,211.7,254.9,269.9,270.1,232.4,268.7,292.8,210.0,167.2,244.3,199.8,267.1,177.6

Crime rates in Rutherford by year,92.6,106.6,88.8,86.8,98.5,112.5,88.3,81.9,92.5,92.5,85.2,73.0,73.3,64.7,74.5

Crime rates in Saddle Brook by year,122.5,202.6,154.9,128.2,136.6,148.5,125.3,132.1,121.6,102.2,101.4,121.5,90.5,86.5,98.1

Crime rates in Saddle River by year,41.9,45.0,26.7,37.1,24.9,27.4,22.6,31.4,42.7,47.7,67.4,32.4,82.0,37.8,29.7

Crime rates in Salem by year,688.9,655.0,596.2,612.8,751.5,800.1,466.6,590.6,528.0,524.2,674.2,637.5,814.3,600.1,543.1

Crime rates in Sayreville by year,159.8,150.8,122.7,133.2,125.9,136.9,120.4,99.7,106.2,91.1,85.0,69.2,70.4,63.3,59.2

Crime rates in Scotch Plains by year,97.1,85.5,81.2,90.1,82.1,70.1,66.8,53.3,66.2,73.7,58.6,73.9,43.8,44.6,56.9

Crime rates in Sea Bright by year,117.9,70.9,91.6,46.9,130.1,176.8,83.2,97.9,122.8,284.3,148.4,95.0,39.0,36.1,18.9

Crime rates in Sea Girt by year,125.5,57.9,104.2,132.8,174.9,166.5,130.5,139.1,191.4,154.4,62.9,102.4,117.7,113.4,47.8

Crime rates in Sea Isle City by year,374.9,589.0,543.7,544.1,525.9,426.4,566.0,616.1,668.6,560.0,905.9,397.4,454.0,599.5,412.2

Crime rates in Seaside Heights by year,779.2,1011.2,1070.9,1070.8,737.6,619.7,706.0,785.1,910.3,654.5,583.7,578.7,576.7,474.4,482.9

Crime rates in Seaside Park by year,278.3,165.1,185.1,198.9,136.1,209.9,157.5,219.1,476.6,408.8,146.6,199.5,166.0,91.5,187.7

Crime rates in Secaucus by year,202.8,246.6,225.2,242.0,214.4,223.6,184.2,184.0,167.5,159.4,142.9,163.7,164.3,144.6,144.7

Crime rates in Ship Bottom by year,373.2,340.1,392.7,393.9,293.5,331.3,218.4,171.7,242.2,421.5,192.4,134.5,165.8,72.7,75.9

Crime rates in Shrewsbury by year,147.3,155.4,138.0,168.8,111.3,158.9,150.6,157.0,190.5,135.4,92.1,89.2,85.3,65.5,83.5

Crime rates in Somerdale by year,235.3,261.6,235.8,288.0,186.3,249.4,196.1,204.8,359.5,386.7,364.1,319.6,318.3,242.7,250.9

Crime rates in Somers Point by year,154.4,243.9,233.4,212.1,219.8,269.0,239.4,278.7,252.0,211.4,181.8,193.8,179.4,212.0,179.1

Crime rates in Somerville by year,183.0,353.9,152.2,155.2,152.7,135.1,107.7,104.3,141.5,141.7,111.3,133.7,107.6,128.7,72.9

Crime rates in South Amboy by year,100.3,164.4,127.8,165.1,134.0,121.4,98.8,116.8,94.0,130.5,116.1,115.7,98.0,74.5,58.8

Crime rates in South Belmar by year,150.3,141.6

Crime rates in South Bound Brook by year,31.4,49.3,18.4,6.7,36.2,45.2,38.5,22.1,73.4,61.0,37.4,42.2,44.4,72.4,55.0

Crime rates in South Orange by year,328.7,286.1,301.5,218.9,217.3,229.0,226.7,234.3,217.3,185.7,164.7,120.0,135.3,176.7,131.2

Crime rates in South Plainfield by year,167.9,141.4,146.0,132.3,127.9,142.8,117.5,141.2,120.2,115.6,97.7,91.2,99.8,108.3,105.4

Crime rates in South River by year,142.6,117.2,108.2,93.9,86.6,136.6,131.6,119.5,78.2,97.6,103.3,91.6,96.6,60.9,74.0

Crime rates in South Toms River by year,108.6,203.3,181.0,175.4,197.6,242.8,194.7,178.5,200.5,189.6,166.8,305.8,217.7,173.4,130.0

Crime rates in Spotswood by year,107.4,82.1,68.1,75.3,71.0,91.6,68.3,71.4,75.2,68.0,41.4,36.0,49.2,50.4,36.2

Crime rates in Spring Lake Heights by year,46.6,43.1,56.5,36.4,22.6,29.4,34.0,36.8,44.6,23.6,31.6,31.6,11.4,18.5,22.4

Crime rates in Spring Lake by year,123.8,136.3,113.6,103.4,135.0,133.4,118.4,154.5,167.8,109.6,116.0,85.9,68.9,86.9,101.1

Crime rates in Springfield by year,163.1,126.0,112.1,89.8,106.0,112.8,102.1,79.9,89.4,68.9,79.7,46.6,61.1,106.7,N/A

Crime rates in Stanhope by year,65.4,61.4,83.4,127.4,88.8,126.1,111.5,68.0,52.5,92.0,57.2,92.8,64.0,125.1,81.2

Crime rates in Stone Harbor by year,633.9,371.8,316.8,335.8,575.4,511.0,561.0,730.0,620.3,596.1,512.9,586.7,829.6,590.4,549.0

Crime rates in Stratford by year,175.7,171.0,177.9,193.2,184.8,212.9,150.6,141.1,204.9,157.6,111.4,139.4,113.7,179.0,86.0

Crime rates in Summit by year,87.5,100.6,97.2,64.7,70.0,87.3,74.2,79.3,63.5,52.3,58.0,48.1,42.2,53.8,56.8

Crime rates in Surf City by year,93.2,223.3,180.9,135.5,195.4,170.3,126.0,111.3,131.5,175.8,145.8,88.1,104.2,60.0,112.1

Crime rates in Swedesboro by year,257.0,251.1,161.3,203.2,191.2,227.5,54.9,84.1,95.6,72.5,72.1,94.0,130.7,34.4

Crime rates in Teaneck by year,182.6,141.2,130.3,120.9,111.5,150.4,114.1,141.0,119.5,104.6,93.7,89.8,96.2,104.0,83.5

Crime rates in Tenafly by year,54.9,53.0,46.6,37.8,38.6,86.6,26.2,37.1,42.6,42.7,38.4,33.1,30.7,38.0,23.3

Crime rates in Tinton Falls by year,98.6,107.2,105.8,119.2,126.6,111.7,98.8,114.9,135.9,139.7,110.7,79.7,74.5,82.1,69.3

Crime rates in Toms River by year,132.6,139.7,160.6,152.4,168.2,191.0,173.9,163.3,149.6,123.6,112.7,93.8

Crime rates in Totowa by year,172.4,184.4,151.7,176.1,157.6,228.2,180.5,175.8,202.3,230.5,190.9,172.4,149.4,139.5,141.6

Crime rates in Trenton by year,787.2,701.9,760.3,602.9,590.4,545.3,573.7,557.1,592.0,623.8,581.1,494.8,509.8,562.1,541.6

Crime rates in Tuckerton by year,108.8,104.8,121.7,108.1,71.7,90.1,87.3,135.8,125.7,85.2,99.9,47.0,80.6,82.2

Crime rates in Union Beach by year,78.9,112.9,93.4,49.1,103.8,78.8,83.4,156.9,98.3,139.4,100.2,74.2,47.6,42.4,51.8

Crime rates in Union by year,285.3,254.1,237.8,217.8,188.6,197.7,162.5,147.7,145.2,133.0,135.1,124.6,118.3,109.0,117.4

Crime rates in Union City by year,326.4,276.9,266.5,294.3,278.7,268.4,231.0,228.7,210.4,187.7,167.1,168.0,136.1,151.0,139.2

Crime rates in Upper Saddle River by year,33.6,31.3,49.5,34.5,28.3,41.3,17.1,30.4,38.6,45.2,28.5,45.5,30.6,47.8,16.0

Crime rates in Ventnor City by year,80.2,171.9,153.0,171.1,222.2,222.6,216.7,205.9,210.6,216.7,223.5,190.5,209.7,246.1,160.3

Crime rates in Verona by year,95.3,92.6,79.1,96.1,62.7,81.1,70.2,59.0,93.5,71.6,52.7,34.6,38.1,32.8,33.4

Crime rates in Vineland by year,482.2,449.0,541.7,476.8,383.8,363.5,325.8,276.1,296.8,285.7,295.4,376.4,327.5,330.7

Crime rates in Voorhees by year,39.4,206.8,179.8,187.9,181.4,161.1,161.8,151.4,161.4,160.6,114.3,145.1,128.6,133.5

Crime rates in Waldwick by year,40.4,43.3,45.9,49.2,44.9,85.0,37.2,40.2,39.8,34.1,39.9,19.1,24.1,36.4,47.4

Crime rates in Wallington by year,110.8,125.1,106.3,98.0,101.3,116.0,109.4,90.4,102.3,110.2,76.0,69.9,85.1,75.9,66.5

Crime rates in Wanaque by year,88.9,91.9,69.2,72.0,75.3,49.5,55.2,55.2,54.9,42.0,56.7,62.2,49.8,42.3,49.9

Crime rates in Washington Township by year,N/A,N/A,N/A

Crime rates in Washington by year,117.0,123.3,113.2,176.9,190.7,150.5,99.0,90.9,46.8,61.0,139.0,88.6,90.4,68.8

Crime rates in Watchung by year,299.2,286.1,363.5,246.0,224.6,240.1,222.5,232.1,306.2,258.0,293.8,278.8,292.9,293.3,273.9

Crime rates in Wayne by year,143.9,121.5,130.0,126.2,135.5,140.1,146.1,127.2,117.0,119.6,110.3,101.8,101.5,98.8,95.5

Crime rates in Wenonah by year,32.4,29.2,39.6,54.0,56.0,69.8,39.0,73.7,43.3,81.9,65.4,48.2,97.3,41.6,40.9

Crime rates in West Caldwell by year,61.5,61.5,61.6,54.4,47.4,52.9,47.3,45.3,40.9,53.7,57.1,30.5,47.4,39.2,43.9

Crime rates in West Cape May by year,224.6,216.7,208.6,167.5,192.4,301.0,155.0,162.1,153.8,139.9,152.6,98.1,131.3,64.0,29.5

Crime rates in West Long Branch by year,205.5,246.7,195.5,184.4,180.5,150.6,143.7,157.5,125.4,129.7,135.9,120.6,95.3,88.0,102.1

Crime rates in West Milford by year,115.8,98.3,109.2,110.0,100.6,113.8,91.0,77.9,77.0,85.6,83.2,72.3,65.3,73.1,63.8

Crime rates in West New York by year,202.0,199.1,213.7,214.5,220.9,217.3,181.9,190.7,160.4,179.2,144.2,127.1,134.4,127.1,101.7

Crime rates in West Orange by year,238.7,181.0,182.2,173.6,160.0,154.6,127.3,124.4,137.5,115.5,121.0,138.8,138.4,159.1,143.4

Crime rates in West Paterson by year,174.0,190.0,196.9,140.0,164.5

Crime rates in West Wildwood by year,345.2,415.7,928.7,227.6,610.8,290.7,544.3,289.6,302.5,360.5,305.6,413.4,207.7,247.3,106.6

Crime rates in Westfield by year,65.6,55.9,65.0,69.3,70.3,49.8,55.9,54.7,57.2,51.0,56.3,55.3,46.6,45.8,41.9

Crime rates in Westville by year,189.3,190.5,212.0,186.6,281.7,383.8,300.0,358.1,331.9,309.6,296.2,252.9,173.3,164.0,253.2

Crime rates in Westwood by year,82.7,77.9,78.2,94.3,68.9,58.7,48.2,46.2,49.9,39.2,27.9,26.5,38.4,23.3,44.1

Crime rates in Wharton by year,118.2,189.7,120.9,95.7,111.8,137.3,95.7,130.5,146.5,117.0,78.0,112.6,85.5,71.3,54.2

Crime rates in Wildwood Crest by year,199.8,251.6,282.4,283.4,283.4,317.6,211.2,238.0,341.1,312.3,291.7,243.5,152.8,305.5,210.4

Crime rates in Wildwood by year,798.0,997.5,948.3,826.4,1090.3,991.1,831.7,803.9,1311.2,1097.8,1040.7,1041.1,757.1,740.0,697.5

Crime rates in Wood-Ridge by year,55.9,52.8,50.0,54.6,85.4,40.9,35.0,68.2,86.3,46.1,31.7,24.1,24.3,42.1,39.9

Crime rates in Woodbine by year,45.8,89.0,53.4,31.9,24.0

Crime rates in Woodbridge by year,252.0,219.6,214.9,204.5,208.2,188.6,153.6,154.3,155.5,124.4,132.0,113.8,106.7,108.5,103.9

Crime rates in Woodbury Heights by year,194.9,304.4,231.7,239.7,126.6,251.6,193.9,219.2,233.6,193.0,175.1,134.9,164.8,128.0,126.9

Crime rates in Woodbury by year,373.0,375.4,377.2,445.8,347.2,346.3,348.6,323.4,272.2,404.8,377.9,311.8,307.8,288.6,394.4

Crime rates in Woodcliff Lake by year,38.1,40.1,48.0,25.1,52.0,45.8,40.3,36.2,54.1,25.9,61.1,28.3,30.9,25.8,24.6

Crime rates in Woodland Park by year,138.7,163.0,114.7,118.6,129.3,63.4,76.1,106.0,86.1,86.6

Crime rates in Woodlynne by year,309.8,322.7,282.3,355.3,542.9,647.4,599.4,443.0,578.3,511.5,237.3,172.9,145.3,156.4,209.4

Crime rates in Woodstown by year,85.0,147.1,86.9,117.6,207.1,129.4,62.0,96.7,136.8,75.1,121.3,152.4,122.0,109.4,74.1

Crime rates in Wyckoff by year,48.1,43.9,39.0,34.4,46.0,46.2,41.3,36.4,43.9,47.4,20.7,27.4,28.3,41.6,53.3

